Class,MeanRecall,StdRecall,MeanF1,StdF1
air_conditioner,0.518,0.191879591874117,0.540803003788332,0.150878613705848
car_horn,0.882173025828743,0.134798881125703,0.839104176917086,0.0941174387868682
children_playing,0.875,0.0631136540958716,0.859753087233971,0.061154406634469
dog_bark,0.897,0.0447337804249888,0.866379290591866,0.0478698895169818
drilling,0.832,0.059962951524717,0.795132661871654,0.0434722652312728
engine_idling,0.68025351924359,0.139429700976775,0.70315739053575,0.106141118802695
gun_shot,0.970125313283208,0.0738592139764291,0.969138736799484,0.0470427118016497
jackhammer,0.627269658184198,0.288286485686798,0.617133449796445,0.212863355781542
siren,0.887465987274136,0.109601508218173,0.897897186207666,0.0764804617188947
street_music,0.86,0.0870504323813373,0.829821977667544,0.083742135655317
